utc_timestamp,cet_cest_timestamp,AT_load_actual_entsoe_transparency,AT_load_forecast_entsoe_transparency,AT_price_day_ahead,AT_solar_generation_actual,AT_wind_onshore_generation_actual,BE_load_actual_entsoe_transparency,BE_load_forecast_entsoe_transparency,BE_solar_generation_actual,BE_wind_generation_actual,BE_wind_offshore_generation_actual,BE_wind_onshore_generation_actual,BG_load_actual_entsoe_transparency,BG_load_forecast_entsoe_transparency,BG_solar_generation_actual,BG_wind_onshore_generation_actual,CH_load_actual_entsoe_transparency,CH_load_forecast_entsoe_transparency,CH_solar_capacity,CH_solar_generation_actual,CH_wind_onshore_capacity,CH_wind_onshore_generation_actual,CY_load_actual_entsoe_transparency,CY_load_forecast_entsoe_transparency,CY_wind_onshore_generation_actual,CZ_load_actual_entsoe_transparency,CZ_load_forecast_entsoe_transparency,CZ_solar_generation_actual,CZ_wind_onshore_generation_actual,DE_load_actual_entsoe_transparency,DE_load_forecast_entsoe_transparency,DE_solar_capacity,DE_solar_generation_actual,DE_solar_profile,DE_wind_capacity,DE_wind_generation_actual,DE_wind_profile,DE_wind_offshore_capacity,DE_wind_offshore_generation_actual,DE_wind_offshore_profile,DE_wind_onshore_capacity,DE_wind_onshore_generation_actual,DE_wind_onshore_profile,DE_50hertz_load_actual_entsoe_transparency,DE_50hertz_load_forecast_entsoe_transparency,DE_50hertz_solar_generation_actual,DE_50hertz_wind_generation_actual,DE_50hertz_wind_offshore_generation_actual,DE_50hertz_wind_onshore_generation_actual,DE_LU_load_actual_entsoe_transparency,DE_LU_load_forecast_entsoe_transparency,DE_LU_price_day_ahead,DE_LU_solar_generation_actual,DE_LU_wind_generation_actual,DE_LU_wind_offshore_generation_actual,DE_LU_wind_onshore_generation_actual,DE_amprion_load_actual_entsoe_transparency,DE_amprion_load_forecast_entsoe_transparency,DE_amprion_solar_generation_actual,DE_amprion_wind_onshore_generation_actual,DE_tennet_load_actual_entsoe_transparency,DE_tennet_load_forecast_entsoe_transparency,DE_tennet_solar_generation_actual,DE_tennet_wind_generation_actual,DE_tennet_wind_offshore_generation_actual,DE_tennet_wind_onshore_generation_actual,DE_transnetbw_load_actual_entsoe_transparency,DE_transnetbw_load_forecast_entsoe_transparency,DE_transnetbw_solar_generation_actual,DE_transnetbw_wind_onshore_generation_actual,DK_load_actual_entsoe_transparency,DK_load_forecast_entsoe_transparency,DK_solar_capacity,DK_solar_generation_actual,DK_wind_capacity,DK_wind_generation_actual,DK_wind_offshore_capacity,DK_wind_offshore_generation_actual,DK_wind_onshore_capacity,DK_wind_onshore_generation_actual,DK_1_load_actual_entsoe_transparency,DK_1_load_forecast_entsoe_transparency,DK_1_price_day_ahead,DK_1_solar_generation_actual,DK_1_wind_generation_actual,DK_1_wind_offshore_generation_actual,DK_1_wind_onshore_generation_actual,DK_2_load_actual_entsoe_transparency,DK_2_load_forecast_entsoe_transparency,DK_2_price_day_ahead,DK_2_solar_generation_actual,DK_2_wind_generation_actual,DK_2_wind_offshore_generation_actual,DK_2_wind_onshore_generation_actual,EE_load_actual_entsoe_transparency,EE_load_forecast_entsoe_transparency,EE_solar_generation_actual,EE_wind_onshore_generation_actual,ES_load_actual_entsoe_transparency,ES_load_forecast_entsoe_transparency,ES_solar_generation_actual,ES_wind_onshore_generation_actual,FI_load_actual_entsoe_transparency,FI_load_forecast_entsoe_transparency,FI_wind_onshore_generation_actual,FR_load_actual_entsoe_transparency,FR_load_forecast_entsoe_transparency,FR_solar_generation_actual,FR_wind_onshore_generation_actual,GB_GBN_load_actual_entsoe_transparency,GB_GBN_load_forecast_entsoe_transparency,GB_GBN_price_day_ahead,GB_GBN_solar_capacity,GB_GBN_solar_generation_actual,GB_GBN_solar_profile,GB_GBN_wind_capacity,GB_GBN_wind_generation_actual,GB_GBN_wind_profile,GB_GBN_wind_offshore_capacity,GB_GBN_wind_offshore_generation_actual,GB_GBN_wind_offshore_profile,GB_GBN_wind_onshore_capacity,GB_GBN_wind_onshore_generation_actual,GB_GBN_wind_onshore_profile,GB_NIR_load_actual_entsoe_transparency,GB_NIR_load_forecast_entsoe_transparency,GB_NIR_solar_capacity,GB_NIR_wind_onshore_capacity,GB_NIR_wind_onshore_generation_actual,GB_UKM_load_actual_entsoe_transparency,GB_UKM_load_forecast_entsoe_transparency,GB_UKM_solar_capacity,GB_UKM_solar_generation_actual,GB_UKM_wind_capacity,GB_UKM_wind_generation_actual,GB_UKM_wind_offshore_capacity,GB_UKM_wind_offshore_generation_actual,GB_UKM_wind_onshore_capacity,GB_UKM_wind_onshore_generation_actual,GR_load_actual_entsoe_transparency,GR_load_forecast_entsoe_transparency,GR_solar_generation_actual,GR_wind_onshore_generation_actual,HR_load_actual_entsoe_transparency,HR_load_forecast_entsoe_transparency,HR_solar_generation_actual,HR_wind_onshore_generation_actual,HU_load_actual_entsoe_transparency,HU_load_forecast_entsoe_transparency,HU_solar_generation_actual,HU_wind_onshore_generation_actual,IE_load_actual_entsoe_transparency,IE_load_forecast_entsoe_transparency,IE_wind_onshore_generation_actual,IE_sem_load_actual_entsoe_transparency,IE_sem_load_forecast_entsoe_transparency,IE_sem_price_day_ahead,IE_sem_wind_onshore_generation_actual,IT_load_actual_entsoe_transparency,IT_load_forecast_entsoe_transparency,IT_solar_generation_actual,IT_wind_onshore_generation_actual,IT_BRNN_price_day_ahead,IT_BRNN_wind_onshore_generation_actual,IT_CNOR_load_actual_entsoe_transparency,IT_CNOR_load_forecast_entsoe_transparency,IT_CNOR_price_day_ahead,IT_CNOR_solar_generation_actual,IT_CNOR_wind_onshore_generation_actual,IT_CSUD_load_actual_entsoe_transparency,IT_CSUD_load_forecast_entsoe_transparency,IT_CSUD_price_day_ahead,IT_CSUD_solar_generation_actual,IT_CSUD_wind_onshore_generation_actual,IT_FOGN_price_day_ahead,IT_FOGN_solar_generation_actual,IT_FOGN_wind_onshore_generation_actual,IT_GR_price_day_ahead,IT_NORD_load_actual_entsoe_transparency,IT_NORD_load_forecast_entsoe_transparency,IT_NORD_price_day_ahead,IT_NORD_solar_generation_actual,IT_NORD_wind_onshore_generation_actual,IT_NORD_AT_price_day_ahead,IT_NORD_CH_price_day_ahead,IT_NORD_FR_price_day_ahead,IT_NORD_SI_price_day_ahead,IT_PRGP_price_day_ahead,IT_PRGP_solar_generation_actual,IT_PRGP_wind_onshore_generation_actual,IT_ROSN_price_day_ahead,IT_ROSN_solar_generation_actual,IT_ROSN_wind_onshore_generation_actual,IT_SACO_AC_price_day_ahead,IT_SACO_DC_price_day_ahead,IT_SARD_load_actual_entsoe_transparency,IT_SARD_load_forecast_entsoe_transparency,IT_SARD_price_day_ahead,IT_SARD_solar_generation_actual,IT_SARD_wind_onshore_generation_actual,IT_SICI_load_actual_entsoe_transparency,IT_SICI_load_forecast_entsoe_transparency,IT_SICI_price_day_ahead,IT_SICI_solar_generation_actual,IT_SICI_wind_onshore_generation_actual,IT_SUD_load_actual_entsoe_transparency,IT_SUD_load_forecast_entsoe_transparency,IT_SUD_price_day_ahead,IT_SUD_solar_generation_actual,IT_SUD_wind_onshore_generation_actual,LT_load_actual_entsoe_transparency,LT_load_forecast_entsoe_transparency,LT_solar_generation_actual,LT_wind_onshore_generation_actual,LU_load_actual_entsoe_transparency,LU_load_forecast_entsoe_transparency,LV_load_actual_entsoe_transparency,LV_load_forecast_entsoe_transparency,LV_wind_onshore_generation_actual,ME_load_actual_entsoe_transparency,ME_load_forecast_entsoe_transparency,ME_wind_onshore_generation_actual,NL_load_actual_entsoe_transparency,NL_load_forecast_entsoe_transparency,NL_solar_generation_actual,NL_wind_generation_actual,NL_wind_offshore_generation_actual,NL_wind_onshore_generation_actual,NO_load_actual_entsoe_transparency,NO_load_forecast_entsoe_transparency,NO_wind_onshore_generation_actual,NO_1_load_actual_entsoe_transparency,NO_1_load_forecast_entsoe_transparency,NO_1_price_day_ahead,NO_1_wind_onshore_generation_actual,NO_2_load_actual_entsoe_transparency,NO_2_load_forecast_entsoe_transparency,NO_2_price_day_ahead,NO_2_wind_onshore_generation_actual,NO_3_load_actual_entsoe_transparency,NO_3_load_forecast_entsoe_transparency,NO_3_price_day_ahead,NO_3_wind_onshore_generation_actual,NO_4_load_actual_entsoe_transparency,NO_4_load_forecast_entsoe_transparency,NO_4_price_day_ahead,NO_4_wind_onshore_generation_actual,NO_5_load_actual_entsoe_transparency,NO_5_load_forecast_entsoe_transparency,NO_5_price_day_ahead,NO_5_wind_onshore_generation_actual,PL_load_actual_entsoe_transparency,PL_load_forecast_entsoe_transparency,PL_solar_generation_actual,PL_wind_onshore_generation_actual,PT_load_actual_entsoe_transparency,PT_load_forecast_entsoe_transparency,PT_solar_generation_actual,PT_wind_generation_actual,PT_wind_offshore_generation_actual,PT_wind_onshore_generation_actual,RO_load_actual_entsoe_transparency,RO_load_forecast_entsoe_transparency,RO_solar_generation_actual,RO_wind_onshore_generation_actual,RS_load_actual_entsoe_transparency,RS_load_forecast_entsoe_transparency,SE_load_actual_entsoe_transparency,SE_load_forecast_entsoe_transparency,SE_wind_capacity,SE_wind_offshore_capacity,SE_wind_onshore_capacity,SE_wind_onshore_generation_actual,SE_1_load_actual_entsoe_transparency,SE_1_load_forecast_entsoe_transparency,SE_1_price_day_ahead,SE_1_wind_onshore_generation_actual,SE_2_load_actual_entsoe_transparency,SE_2_load_forecast_entsoe_transparency,SE_2_price_day_ahead,SE_2_wind_onshore_generation_actual,SE_3_load_actual_entsoe_transparency,SE_3_load_forecast_entsoe_transparency,SE_3_price_day_ahead,SE_3_wind_onshore_generation_actual,SE_4_load_actual_entsoe_transparency,SE_4_load_forecast_entsoe_transparency,SE_4_price_day_ahead,SE_4_wind_onshore_generation_actual,SI_load_actual_entsoe_transparency,SI_load_forecast_entsoe_transparency,SI_solar_generation_actual,SI_wind_onshore_generation_actual,SK_load_actual_entsoe_transparency,SK_load_forecast_entsoe_transparency,SK_solar_generation_actual,SK_wind_onshore_generation_actual,UA_load_actual_entsoe_transparency,UA_load_forecast_entsoe_transparency
2015-01-02T00:00:00Z,2015-01-02T01:00:00+0100,5205,6395,9,0,79,9001,8800,0,1641.64,655.98,985.66,4356,,0,460,7064.11,7116.82,456,0.07,44,1.63,,,,5963.14,6025,0,113.6,40577,38711,37250,0,0,27926,23434,0.8391,667,276,0.414,27259,23158,0.8495,6627,6419,0,9344,48,9296,,,,,,,,15591,14317,0,3750,13369,13385,0,10269,228,10041,4990,4591,0,71,2996.22,2949.1,489,0,4643,3231.6,1264,657.13,3379,2574.47,1710.81,1700,-19.63,0,2353.53,250.46,2103.07,1285.41,1249.1,-19.63,0,878.07,406.67,471.4,717.5,650.2,0.1,128.6,21881,21692,49,3088,8721.2,8892.07,254.13,65510,66750,0,4022,25117,28598,27.94,2682,0,0,11556,0,0,4040,0,0,7517,0,0,822,,,659,453,25940,,2682,0,12216,453,4040,0,8176,453,5132.99,5279,0,398,1666,1652,,,3632,3469,,7,2739,3552,1599,3561,,,2053,19764,19549,,,,108,2044,2153,,,44,3773,3326,,,483,,,30,,9511,9626,,1,25,,,,,,,3,,,0,,,770,791,,,250,1657,1574,,,190,2009,2079,,,1193,925,,,,362,342,589,597,35,432.85,,,8303,8999,0,2487,249,2239,14289.64,14289.24,309.97,4050.11,4047.33,26.41,,3794.45,3835.54,26.41,213.2,2355.41,2353.85,28.22,52.54,2002.21,2077.27,28.22,43.03,2087.46,1975.25,26.41,1.2,13258.48,13212.5,,2491.98,5014.1,5462,0,,,144.6,,,,,5614,,13922,12913,4959,191,4767,,1110,1012,9.62,,1731,1605,9.62,,8579,7860,9.62,,2502,2436,9.62,,1012.43,924,0,1.52,2618,2810,0.6,,,
2015-01-02T01:00:00Z,2015-01-02T02:00:00+0100,4971,6359,5,0,126,8571,8377,0,1643.25,645.82,997.43,4317,,0,459,7043.94,7097.15,456,0.04,44,3.33,,,,5890.23,5971,0,106.13,39707,37820,37250,0,0,27926,24248,0.8683,667,282,0.4228,27259,23966,0.8792,6689,6466,0,9551,48,9503,,,,,,,,15362,14066,0,4007,12796,12869,0,10598,234,10364,4860,4419,0,92,2942.88,2880.9,489,0,4643,3212.27,1264,655.06,3379,2557.21,1682.92,1670.4,-19.37,0,2324.01,247.5,2076.51,1259.96,1210.5,-19.37,0,888.26,407.56,480.7,708.2,647.4,0.1,123.3,20495,20247,48,3014,8662.4,8810.21,212.49,64522,66250,0,4034,24390,27758,25.5,2682,0,0,11556,1100,0.0952,4040,179,0.0444,7517,921,0.1225,725,,,659,447,25116,,2682,0,12216,1548,4040,179,8176,1368,4942.68,5088,0,376,1567,1548,,,3426,3317,,6,2476,3202,1488,3201,,,1935,18755,18676,,,,110,1931,2065,,,48,3523,3158,,,462,,,47,,9181,9205,,1,27,,,,,,,2,,,0,,,746,768,,,238,1525,1465,,,224,1849,2015,,,1329,914,,,,345,326,577,584,37,402.89,,,7876,8628,0,2513,251,2262,14119.56,14119.25,273.95,3959.5,3960.1,26.2,,3806.65,3838.88,26.2,211,2333.73,2342.45,28.15,27.12,1950.08,2014.42,28.15,35.53,2069.6,1963.4,26.2,0.3,13010.58,13027.5,,2584.13,4617.6,4998,0,,,188.1,,,,,5287,,13647,12804,4959,191,4767,,1120,1008,7.67,,1594,1585,7.67,,8471,7779,7.67,,2462,2432,7.67,,987.52,906,0,0,2576,2810,0.6,,,
2015-01-02T02:00:00Z,2015-01-02T03:00:00+0100,4669,6348,-5,0,195,8321,8157,0,1624.28,633.29,990.99,4315,,0,453,7184.27,7233.4,456,0.03,44,6.61,,,,5742.16,5863,0,130.15,39504,37828,37250,0,0,27926,25034,0.8964,667,325,0.4869,27259,24709,0.9064,6655,6784,0,9916,48,9868,,,,,,,,15442,14053,0,4197,12648,12677,0,10812,277,10536,4761,4315,0,108,2944.18,2881.7,489,0,4643,3188.93,1264,647.37,3379,2541.56,1682.42,1679.6,-31.41,0,2293.58,241.82,2051.76,1261.76,1202.1,-31.41,0,895.35,405.55,489.8,711.2,654.4,0.1,142.3,19730,19529,48,2821,8739.3,8859.8,230.49,61798,64150,0,4223,22744,27438,20.92,2682,0,0,11556,1092,0.0945,4040,178,0.0441,7517,914,0.1216,676,,,659,451,23420,,2682,0,12216,1543,4040,178,8176,1365,4787.06,4939,0,376,1533,1513,,,3328,3171,,11,2288,2929,1361,2964,,,1811,18412,18457,,,,113,1905,2029,,,49,3419,3085,,,536,,,68,,9075,9193,,1,31,,,,,,,1,,,4,,,731,752,,,209,1463,1422,,,210,1819,1976,,,1599,914,,,,337,324,577,587,39,384.01,,,7700,8476,0,2511,251,2260,13966.28,13965.76,272.23,3913.4,3920.25,25.6,,3748.14,3775.84,25.6,202.1,2306.63,2325.57,28.19,23.08,1958.35,2011.75,28.19,47.05,2039.76,1932.35,25.6,0,13006.9,13056.5,,2847.95,4338.6,4729,0,,,244.1,,,,,5042,,13596,12818,4959,191,4767,,1055,1015,10.83,,1621,1571,10.83,,8460,7780,10.83,,2460,2452,10.83,,995.53,902,0,0,2575,2840,0.6,,,
2015-01-02T03:00:00Z,2015-01-02T04:00:00+0100,4756,6431,-4,0,225,8277,8214,0,1626.38,657.93,968.45,4350,,0,432,7103.62,7147.32,456,0.03,44,7.99,,,,5759.39,5827,0,121.49,40391,38925,37250,0,0,27926,25721,0.921,667,335,0.502,27259,25386,0.9313,7020,7504,0,10376,48,10328,,,,,,,,15573,14390,0,4420,12886,12630,0,10792,287,10505,4913,4401,0,133,3019.46,2917.4,489,0.01,4643,3167.6,1264,649.71,3379,2517.89,1700.76,1695.3,-31.41,0.01,2274.19,250.62,2023.57,1318.7,1222.1,-31.41,0,893.41,399.09,494.32,735.7,682.8,0.1,163.2,19500,19198,47,2928,9005.8,9201.57,253.82,60686,62900,0,4433,22411,26216,17.38,2682,0,0,11556,1056,0.0914,4040,173,0.0427,7517,884,0.1176,644,,,659,424,23056,,2682,0,12216,1480,4040,173,8176,1308,4757.97,4938,0,410,1543,1516,,,3360,3179,,19,2181,2756,1367,2825,,,1791,18558,18645,,,,115,1931,2022,,,49,3432,3115,,,637,,,71,,9238,9415,,1,33,,,,,,,0,,,1,,,733,758,,,176,1448,1397,,,244,1776,1938,,,1765,951,,,,338,326,598,614,40,371.98,,,7771,8499,0,2520,252,2268,14023.02,14023.01,330.15,3938.63,3938.82,24.74,,3765.74,3768.02,24.74,222.4,2301.36,2318.41,28.24,47.63,1963.54,2018.91,28.24,60.02,2053.75,1978.85,24.74,0.1,13241.45,13426.25,,3028.9,4192.2,4602,0,,,289.1,,,,,4912,,13798,13038,4959,191,4767,,1119,1031,23.14,,1699,1602,23.14,,8482,7914,23.14,,2498,2491,23.14,,1013.85,931,0,0,2629,2930,0.6,,,
2015-01-02T04:00:00Z,2015-01-02T05:00:00+0100,5080,6824,-4,0,237,8517,8638,0,1581.24,656.29,924.95,4444,,0,414,6971.97,7013.87,456,0.03,44,11.14,,,,5976.91,5892,0,133.8,42382,40503,37250,0,0,27926,26172,0.9372,667,388,0.5819,27259,25784,0.9459,7826,7933,0,10452,48,10404,,,,,,,,15934,15213,0,4646,13567,13040,0,10908,340,10568,5055,4318,0,166,3104.17,3032,489,0.01,4643,3425.92,1264,797.9,3379,2628.02,1773.81,1754,-13.48,0.01,2507.76,400.07,2107.69,1330.36,1278,-13.48,0,918.16,397.83,520.33,792,771.3,0.1,161.8,20113,19821,47,3119,9607.8,10061.73,267.27,62060,63350,0,4504,21485,25318,19.85,2682,0,0,11556,1047,0.0906,4040,171,0.0424,7517,876,0.1166,614,,,659,422,22100,,2682,0,12216,1469,4040,171,8176,1297,4934.66,5269,0,445,1634,1601,,,3549,3300,,21,2124,2672,1276,2738,,,1698,19810,20498,,,,111,2033,2211,,,35,3656,3394,,,569,,,64,,9950,10458,,0,31,,,,,,,0,,,1,,,765,796,,,157,1502,1466,,,229,1904,2173,,,1705,1061,,,,356,344,647,667,41,372.28,,,8255,8868,0,2495,250,2246,14464.79,14464.75,344.41,4085.15,4074.94,26.1,,3921.27,3905.04,26.1,234.2,2335.92,2349.21,28.45,43.42,2048.3,2114.41,28.45,65.19,2074.15,2021.15,26.1,1.6,13985.83,14308.75,,3126.8,4132.6,4555,0,,,303.2,,,,,4827,,14423,13670,4959,191,4767,,1127,1061,26.1,,1916,1682,26.1,,8793,8317,26.1,,2587,2610,26.1,,1075.79,1049,0,0,2732,3050,0.6,,,
2015-01-02T05:00:00Z,2015-01-02T06:00:00+0100,5422,7321,9,0,211,9000,9600,0,1553.29,663.71,889.58,4682,,1,398,6785.89,6827.76,456,0.03,44,12.02,,,,6394.58,6028,0,154.55,45679,43400,37250,0,0,27926,26355,0.9438,667,498,0.7471,27259,25857,0.9486,8980,7966,0,10366,48,10318,,,,,,,,16951,17143,0,4754,14560,13934,0,11052,450,10602,5188,4358,0,184,3523.94,3488.4,489,0.01,4643,4297.12,1264,1218.65,3379,3078.47,2071.35,2065.2,0.08,0.01,3370.58,814.88,2555.7,1452.59,1423.2,0.08,0,926.54,403.77,522.77,864.6,881.5,0.1,172.3,22153,21620,47,3157,10012,10595.73,241.01,64662,66200,0,4490,21842,26560,20.67,2682,0,0,11556,1033,0.0894,4040,169,0.042,7517,863,0.1148,602,,,659,404,22444,,2682,0,12216,1436,4040,169,8176,1267,5291.6,5612,7,428,1861,1813,,,3840,3600,,26,2143,2624,1301,2745,,,1704,22878,23243,,,,109,2322,2532,,,24,4179,3871,,,444,,,47,,11725,12117,,0,29,,,,,,,0,,,3,,,841,874,,,143,1645,1589,,,264,2166,2260,,,1614,1176,,,,341,332,709,732,40,384.97,,,9355,9991,0,2413,241,2172,15195.3,15195.51,421.66,4415.94,4415.18,27.25,,4071.7,4081.24,27.25,245.7,2456.32,2433.06,28.85,106.83,2090.17,2188.88,28.85,65.03,2161.17,2077.15,27.25,4.1,15719.83,15800.5,,3191.15,4183.2,4656,0,,,343.7,,,,,4996,,15552,15007,4959,191,4767,,1243,1119,27.25,,1983,1851,27.25,,9501,9083,27.25,,2825,2954,27.25,,1189.06,1379,0,0,2916,3220,0.6,,,
2015-01-02T06:00:00Z,2015-01-02T07:00:00+0100,5856,8058,26,0,242,9226,10629,0,1509.61,662.16,847.45,5118,,61,396,6779.81,6813.83,456,0.05,44,15.34,,,,6707.46,6270,3.88,168.94,50418,49040,37250,0,0,27926,26193,0.9379,667,498,0.747,27259,25694,0.9426,10449,10148,0,10634,48,10586,,,,,,,,18559,18794,0,4636,15933,15434,0,10748,450,10298,5476,4664,0,174,3868.58,3969,489,0.01,4643,4377.07,1264,1222.65,3379,3154.42,2293.78,2329,10.06,0.01,3462.4,819.01,2643.39,1574.8,1640,28.37,0,914.67,403.64,511.03,,918.9,0.1,187.7,,24379,48,3289,10333,10970.68,233.28,66982,68100,0,4425,23926,30444,25.36,2682,0,0,11556,1015,0.0878,4040,168,0.0416,7517,847,0.1127,612,,,659,383,24538,,2682,0,12216,1398,4040,168,8176,1230,5727.2,5933,112,407,2021,2012,,,4089,3846,,18,2231,2693,1220,2843,,,1603,26190,27162,,,,97,2666,2988,,,16,4699,4646,,,474,,,56,,13737,14340,,1,30,,,,,,,0,,,3,,,947,1010,,,103,1837,1721,,,323,2304,2457,,,1653,1267,,,,395,373,779,803,42,405.54,,,10990,11798,0,2313,231,2082,16243.79,16243.51,443.72,4774.07,4771.28,28.37,,4306.21,4359.89,28.37,244.9,2644.09,2631.33,28.97,127.32,2220.04,2320.36,28.97,64.8,2299.38,2160.65,28.37,6.7,16899.63,17282.75,,3230.65,4387.7,4824,0,,,415.6,,,,,5174,,16617,16475,4959,191,4767,,1245,1173,28.37,,2104,2014,28.37,,10235,9942,28.37,,3033,3346,28.37,,1281.45,1533,0,0,3021,3270,0.6,,,
2015-01-02T07:00:00Z,2015-01-02T08:00:00+0100,6366,8281,36,3,302,9769,11214,0,1409.09,584.85,824.24,5513,,212,369,6692.03,6727.62,456,0.47,44,17.62,,,,7028.95,6551,25.56,183.08,54131,51540,37250,38,0.001,27926,26590,0.9522,667,480,0.7196,27259,26110,0.9578,10893,10479,6,10871,46,10825,,,,,,,,20331,19592,4,4450,17111,16402,25,11052,434,10617,5795,5066,3,217,4190.57,4253,489,0.06,4643,4389.64,1264,1218.65,3379,3170.99,2504.23,2481.7,14.25,0.02,3464.64,815.92,2648.72,1686.34,1771.3,28.37,0.04,925,402.73,522.27,,964.1,0.1,203.1,,27389,73,3102,10443,11004.13,268.43,68828,70600,57,4247,26232,34266,32,2682,0,0,11556,1002,0.0867,4040,167,0.0412,7517,835,0.1112,663,,,659,363,26896,,2682,0,12216,1365,4040,167,8176,1198,6385.61,6649,438,356,2207,2194,,,4329,4096,,17,2446,2917,1073,3109,,,1435,29053,31266,,,,87,2939,3477,,,15,5363,5574,,,1,,,62.5,,14770,15949,,260.5,30,,,,,,,0,,,1.5,,,1046,1119,,,70,2120,2023,,,11,2815,3124,,,21,1321,,,,429,406,817,851,41,447.89,,,12458,13186,0,2228,223,2005,17084.02,17083.76,460.17,5036.57,5018.15,28.37,,4532.12,4603.07,28.37,225.4,2806.04,2767.53,29,159.96,2296.63,2428.66,29,66.91,2412.66,2266.35,28.37,7.9,17782.8,17764.25,,3283.05,4627.8,4915,0.2,,,470.9,,,,,5475,,17172,17202,4959,191,4767,,1255,1205,28.37,,2104,2105,28.37,,10652,10391,28.37,,3161,3501,28.37,,1378.33,1563,2.05,0,3181,3490,0.7,,,
2015-01-02T08:00:00Z,2015-01-02T09:00:00+0100,6431,8242,42,15,369,10243,10905,6.96,1242.08,500.37,741.71,5653,,342,313,6816.85,6853.84,456,3.3,44,15.36,,,,7425.95,7037,122.31,186.63,56505,53133,37250,252,0.0068,27926,25934,0.9287,667,367,0.5509,27259,25567,0.9379,10803,10541,40,10771,23,10748,,,,,,,,21486,19979,76,4098,17918,17021,121,10789,345,10444,6298,5593,15,277,4337.33,4352.2,489,4.76,4643,4356.1,1264,1209.71,3379,3146.39,2568.55,2528.3,14.56,3.04,3428.36,807.14,2621.22,1768.78,1823.9,28.32,1.72,927.74,402.57,525.17,,983.1,0.1,218.5,,30619,809,2838,10340,10887.88,275.18,70472,72600,331,3843,28312,37194,35.09,2682,0,0,11556,954,0.0826,4040,160,0.0396,7517,794,0.1057,776,,,659,353,29088,,2682,0,12216,1308,4040,160,8176,1148,6911.15,7045,796,308,2320,2310,,,4592,4292,,13,2674,3097,1194,3450,,,1548,31535,34571,,,,77,3146,3817,,,14,5980,6301,,542,421,,,69,,15913,16982,,520,30,,,,,,,0,,,0,,,1099,1220,,,37,2348,2328,,303,224,3049,3923,,1016,1779,1380,,,,452,425,869,899,43,483.02,,,13446,13899,2,2286,229,2057,17377.06,17376.5,430.28,5194.4,5161.92,28.32,,4606.69,4708.13,28.32,229.1,2803.14,2765.3,29.14,127.19,2316.52,2437.2,29.14,62.49,2456.31,2303.95,28.32,11.5,18763.35,18537,,3351.43,5038.4,5326,51.8,,,504.2,,,,,5793,,17279,17249,4959,191,4767,,1263,1211,28.32,,1944,2160,28.32,,10875,10372,28.32,,3197,3506,28.32,,1438.05,1553,7.93,0,3311,3460,6.3,,,
2015-01-02T09:00:00Z,2015-01-02T10:00:00+0100,6699,8240,41,33,413,10557,10569,70.89,993.84,382.28,611.56,5704,,419,255,7097.18,7135.75,456,6.48,44,17.26,,,,7755.33,7432,232.11,193.45,58447,54446,37250,667,0.0179,27926,25641,0.9182,667,406,0.6087,27259,25235,0.9258,11164,10728,120,10697,20,10678,,,,,,,,22204,20341,193,3864,18480,17522,317,10766,386,10380,6599,5854,36,314,4515.6,4472,489,29.04,4643,4314.2,1264,1208.01,3379,3106.19,2674.38,2619,14.64,22,3387.62,803.19,2584.43,1841.22,1853,28.3,7.04,926.58,404.82,521.76,1032.2,982.4,0.1,220.8,32383,32419,1981,2272,10288,10867.38,290.5,71681,73450,842,3518,30917,39104,39.34,2682,18,0.0065,11556,939,0.0813,4040,157,0.0389,7517,782,0.104,896,,,659,363,31814,,2682,18,12216,1303,4040,157,8176,1145,7095.88,7331,1086,291,2328,2327,,,4737,4363,,6,2896,3378,1104,3792,,,1467,31804,34964,,,,74,3204,4006,,610,14,6146,6516,,838,410,,1,68,,15827,16743,,1230,28,,,,,,7,0,,22,0,,,1118,1271,,204,24,2429,2448,,466,195,3080,3980,,1359,1794,1414,,,,469,438,900,912,43,497.86,,,14038,14232,24,2353,235,2118,17721.6,17722.01,476.56,5313.02,5284.53,28.3,,4627.5,4759.55,28.3,233.6,2878.83,2891,29.21,181.8,2388.66,2456.13,29.21,46.26,2513.59,2330.8,28.3,14.9,19358.03,19148.25,,3374.18,5716.4,5863,178.2,,,489.2,,,,,5970,,17515,17513,4959,191,4767,,1291,1205,28.3,,1827,2170,28.3,,11125,10544,28.3,,3272,3594,28.3,,1438.52,1540,13.89,0,3385,3510,20.3,,,
2015-01-02T10:00:00Z,2015-01-02T11:00:00+0100,6543,8217,45,50,407,10781,10625,169.08,1148.27,636.82,511.45,5612,,406,184,7204.67,7241.67,456,9.16,44,18.31,,,,7926.18,7571,299.42,187.59,59453,55685,37250,1262,0.0339,27926,25810,0.9242,667,420,0.6293,27259,25391,0.9315,11017,10952,218,10684,42,10642,,,,,,,,22718,20868,422,3930,18938,17902,557,10883,377,10506,6780,5964,66,313,4523.41,4510.4,489,70.3,4643,4284.06,1264,1199.34,3379,3084.72,2673.01,2652.7,15.08,50.85,3366.09,806.16,2559.93,1850.4,1857.7,28.39,19.45,917.97,393.18,524.79,,968.5,,,32358,32029,3082,1795,10266,10882.62,303.22,72248,73350,1271,3270,32790,39780,37.45,2682,219,0.0816,11556,925,0.0801,4040,156,0.0386,7517,769,0.1024,994,,,659,358,33784,,2682,219,12216,1283,4040,156,8176,1127,7179.54,7442,1256,258,2320,2328,,,4839,4434,,7,3169,3694,993,4163,,,1351,31496,34991,,,,86,3166,4001,,727,14,6130,6581,,968,387,,2,60,,15639,16588,,1932,28,,,,,,8,1,,25,2,,,1096,1262,,276,12,2414,2415,,505,199,3051,4144,,1554,1695,1432,,,,501,464,903,923,43,497.8,,,14021,14313,56,2395,240,2156,17850.66,17851.5,516.5,5351.25,5331.38,28.39,,4709.38,4816.68,28.39,229.3,2876.69,2883.37,29.08,209.38,2391.69,2470.82,29.08,64.22,2521.65,2349.25,28.39,13.6,19743.78,19440.75,,3358.75,6053.2,6128,249.6,,,367.1,,,,,5988,,17783,17756,4959,191,4767,,1322,1212,28.39,,1878,2171,28.39,,11272,10745,28.39,,3311,3628,28.39,,1440.37,1552,19.57,0,3417,3500,27.3,,,
2015-01-02T11:00:00Z,2015-01-02T12:00:00+0100,6310,8017,47,58,424,10770,10592,329.49,1124.89,650.94,473.95,5461,,353,159,7119.74,7154.61,456,7.3,44,18.56,,,,7971.82,7570,194.6,183.42,59201,55627,37250,1726,0.0463,27926,25642,0.9182,667,414,0.6212,27259,25228,0.9255,10565,10433,358,10477,16,10462,,,,,,,,22725,21029,639,4014,18977,17944,662,10902,399,10503,6934,6221,68,249,4474.24,4475.8,489,77.66,4643,4216.16,1264,1129.51,3379,3086.65,2643.3,2634.3,15.41,56.42,3382.86,797.52,2585.34,1830.94,1841.5,28.3,21.24,833.3,331.99,501.31,,980.9,,,,31357,3817,1413,10329,10869.17,309.3,73443,74000,1397,3083,33886,40341,39.73,2682,668,0.2489,11556,937,0.0811,4040,156,0.0386,7517,781,0.104,1096,,,659,414,34982,,2682,668,12216,1351,4040,156,8176,1195,7181.97,7337,1260,255,2299,2307,,,4890,4481,,9,3333,3914,856,4430,,,1269,30827,34211,,,,97,3039,3781,,742,19,6120,6726,,965,353,,4,62,,15135,16285,,1960,29,,,,,,7,1,,25,10,,,1085,1243,,292,17,2398,2557,,491,260,3050,3619,,1472,1659,1430,,,,490,451,911,925,44,486.37,,,13813,14129,110,2388,239,2149,17973.36,17973.76,588.89,5358.36,5333.72,28.3,,4735.7,4824.5,28.3,231,2923.39,2887.02,28.99,264.09,2427.28,2547.17,28.99,80.8,2528.63,2381.35,28.3,13,20030.83,19702,,3275.98,6210,6307,276.4,,,177.9,,,,,5929,,17808,17738,4959,191,4767,,1359,1219,28.3,,1863,2168,28.3,,11226,10746,28.3,,3360,3605,28.3,,1418.31,1533,22.55,0,3320,3530,43.9,,,
2015-01-02T12:00:00Z,2015-01-02T13:00:00+0100,6257,7835,46,55,478,10606,10481,554.93,1187.64,659.62,528.02,5350,,285,147,7516.05,7556.69,456,3.68,44,18.62,,,,8048.68,7513,78.02,167.75,58564,53698,37250,1899,0.051,27926,25795,0.9237,667,431,0.6464,27259,25363,0.9304,10665,9218,494,10267,12,10255,,,,,,,,22381,20925,764,4054,18630,17535,592,11174,419,10755,6889,6020,49,299,4449.32,4420.3,489,68.74,4643,4239.82,1264,1147.83,3379,3091.99,2626.13,2598.7,14.52,44.58,3358.44,772.21,2586.23,1823.19,1821.6,28.24,24.16,881.38,375.62,505.76,,975.8,,,,31338,3836,1347,10498,10888.74,326.42,71451,73800,1360,2771,34286,40889,44.07,2682,878,0.3272,11556,962,0.0832,4040,156,0.0387,7517,805,0.1072,1128,,,659,348,35414,,2682,878,12216,1309,4040,156,8176,1153,6933.15,6871,1096,263,2242,2253,,,4788,4373,,17,3386,4042,733,4514,,,1081,29624,33309,,,,84,2860,3668,,644,19,5960,6519,,887,218,,4,52,,14452,15712,,1509,28,,,,,,7,1,,22,44,,,1041,1206,,266,35,2368,2512,,466,340,2943,3692,,1317,1449,1426,,,,477,439,914,919,44,477.22,,,13566,13962,185,2403,240,2163,17857.49,17857.99,576.35,5285.68,5277.4,28.24,,4666.83,4756.22,28.24,231.1,2913.65,2882.81,28.95,248.42,2470,2575.81,28.95,78.23,2521.33,2365.75,28.24,18.6,20491.95,19829.5,,3318.65,6303.4,6310,283.4,,,76,,,,,5852,,17661,17817,4959,191,4767,,1184,1231,28.24,,1898,2199,28.24,,11211,10781,28.24,,3368,3606,28.24,,1434.14,1531,21.35,0,3365,3560,50,,,
2015-01-02T13:00:00Z,2015-01-02T14:00:00+0100,6307,7789,44,41,520,10320,10320,582.9,1148.37,664.01,484.36,5328,,141,134,7445.5,7483.74,456,1.85,44,18.63,,,,8051.63,7636,28.64,159.61,57721,53315,37250,1352,0.0363,27926,25297,0.9059,667,486,0.728,27259,24812,0.9102,10750,9819,343,10221,42,10179,,,,,,,,21927,20639,592,3774,18316,17048,386,11052,444,10609,6728,5810,32,250,4396.41,4376.7,489,35.44,4643,4243.88,1264,1186.69,3379,3057.19,2608.48,2575.7,14.7,22.47,3347.65,786.98,2560.67,1787.93,1801,28.12,12.97,896.23,399.71,496.52,,998.8,,,,30874,3701,1345,10748,11098,339.44,69123,71050,1119,2381,33966,40898,39.82,2682,736,0.2742,11556,950,0.0822,4040,152,0.0377,7517,798,0.1061,1136,,,659,289,35102,,2682,736,12216,1239,4040,152,8176,1087,7050.34,6665,708,249,2186,2220,,,4740,4340,,21,3380,4090,730,4517,,,1020,30125,33515,,,,88,2961,4045,,363,17,5919,7003,,686,99,,3,34,,14861,15032,,936,23,,,,,,6,2,,16,67,,,1005,1202,,190,61,2414,2483,,425,454,2965,3750,,1030,1215,1430,,,,470,426,932,934,43,476.53,,,13543,13776,194,2428,243,2185,18009.39,18009.5,644.6,5311.32,5289.46,28.12,,4703.2,4795.24,28.12,243.2,2986.56,2934.24,29,312.21,2493.59,2607.76,29,70.59,2514.72,2382.8,28.12,18.6,20393.95,20049.75,,3313.53,6171,6187,267.8,,,25.3,,,,,5732,,17824,18040,4959,191,4767,,1190,1253,28.12,,2009,2271,28.12,,11275,10917,28.12,,3350,3599,28.12,,1434.04,1511,11.97,0,3379,3520,38.4,,,
2015-01-02T14:00:00Z,2015-01-02T15:00:00+0100,6502,7850,44,20,578,10225,10224,347.36,1123.16,667.52,455.64,5520,,21,139,7306.63,7343.65,456,0.84,44,17.86,,,,8164.08,7605,8.92,168.47,57276,53275,37250,516,0.0138,27926,24982,0.8946,667,489,0.7334,27259,24493,0.8986,10802,10117,109,10155,48,10107,,,,,,,,21514,20495,237,3694,18248,16876,156,10862,441,10420,6713,5788,15,272,4429.72,4428.2,489,6.91,4643,4208.41,1264,1183.71,3379,3024.7,2623.98,2608.4,14.66,4.74,3315.63,784.42,2531.21,1805.74,1819.8,28.23,2.17,892.78,399.29,493.49,,1024.4,,,,30124,3475,1487,10945,11270.41,334.16,66628,68200,639,2162,33712,40376,36.54,2682,636,0.237,11556,926,0.0801,4040,149,0.0369,7517,776,0.1033,1147,,,659,306,34860,,2682,636,12216,1231,4040,149,8176,1082,7015.88,6656,214,276,2164,2205,,,4759,4419,,8,3305,4032,799,4452,,,1105,31251,34269,,,,106,3216,4257,,162,17,6025,7026,,340,74,,1,11,,15517,15639,,355,21,,,,,,3,4,,7,83,,,1017,1237,,97,68,2466,2452,,259,601,3010,3658,,415,894,1483,,,,454,422,974,979,42,484.14,,,13899,13637,116,2367,237,2130,18175.22,18175.26,626.56,5431.51,5412.26,28.23,,4784.02,4863.87,28.23,243.5,3015.06,2963.17,29.15,313.85,2388.45,2511.21,29.15,50.61,2556.18,2424.75,28.23,18.6,20516.4,20327.75,,3348.13,6085.5,6099,246.4,,,22.4,,,,,5749,,18522,18551,4959,191,4767,,1320,1263,28.23,,2147,2313,28.23,,11639,11297,28.23,,3416,3678,28.23,,1432.02,1515,2.73,0,3362,3630,16.4,,,
2015-01-02T15:00:00Z,2015-01-02T16:00:00+0100,6889,8165,53,4,553,10394,10402,56.27,1125.12,667.42,457.7,5995,,0,146,7276.04,7312.92,456,0.11,44,18.32,,,,8131.84,7694,2.62,173.44,58813,54491,37250,45,0.0012,27926,24719,0.8852,667,494,0.7399,27259,24226,0.8887,11442,10217,5,10114,47,10067,,,,,,,,21432,20600,13,3746,19053,17663,25,10584,447,10137,6885,6010,2,275,4741.13,4700,489,0.08,4643,4193.58,1264,1187.12,3379,3006.46,2805.18,2765.7,16.09,0.07,3319.3,788.62,2530.68,1935.95,1934.3,28.59,0.01,874.28,398.5,475.78,,1015.2,,,,29714,2742,1648,10903,11257.15,341.36,66234,67000,203,1877,34212,41540,36.52,2682,470,0.1754,11556,868,0.0752,4040,149,0.0368,7517,720,0.0957,1104,,,659,335,35316,,2682,470,12216,1203,4040,149,8176,1054,7295.86,7032,4,307,2328,2422,,,5056,4775,,6,3299,4018,849,4403,,,1184,33396,34754,,,,106,3470,3861,,19,17,6333,6896,,46,86,,0,7,,16617,16765,,33,22,,,,,,0,3,,0,79,,,1074,1232,,24,65,2583,2656,,39,628,3319,3344,,26,812,1508,,,,452,431,983,998,40,515.6,,,14181,14101,19,2369,237,2132,18417.01,18417.5,606.02,5577.32,5556.94,28.59,,4923.63,4979.72,28.59,243.5,3002.26,2957.78,29.13,304.6,2337.06,2466.66,29.13,39.32,2576.74,2456.4,28.59,18.6,21503.98,21689.5,,3410.78,5973.5,6021,188.5,,,42.7,,,,,6111,,18926,19078,4959,191,4767,,1347,1258,28.59,,2050,2373,28.59,,11982,11621,28.59,,3547,3826,28.59,,1374.89,1565,0.09,0,3481,3750,2,,,
2015-01-02T16:00:00Z,2015-01-02T17:00:00+0100,5972,8473,65,0,1048,11212,11013,0,1121.66,665.76,455.9,6217,,0,142,7504.45,7542.67,456,0.06,44,16.5,,,,8154.23,7659,0,184.21,61605,57233,37250,0,0,27926,24301,0.8702,667,492,0.7374,27259,23810,0.8734,11779,10544,0,9284,46,9238,,,,,,,,22344,21306,0,3812,20284,18903,0,10970,446,10524,7198,6480,0,236,5178.7,5052.7,489,0.01,4643,4223.47,1264,1169.04,3379,3054.43,3081.38,2997.8,25.1,0.01,3345.62,772.07,2573.55,2097.32,2054.9,28.73,0,877.85,396.97,480.88,,991.4,,,,29801,1281,1857,10911,11236.45,245.51,69985,70050,36,1692,36477,45532,47.97,2682,206,0.0766,11556,734,0.0635,4040,134,0.0333,7517,600,0.0798,1110,,,659,394,37588,,2682,206,12216,1128,4040,134,8176,994,7897.36,7644,0,326,2570,2658,,,5140,4806,,11,3494,4244,889,4604,,,1283,38291,38053,,,,101,3952,4149,,0,22,7176,7294,,0,98,,0,3,,19004,18647,,0,22,,,,,,0,5,,0,81,,,1204,1326,,0,90,2908,2922,,0,660,4047,3715,,0,762,1479,,,,491,470,967,999,41,547.67,,,15086,14978,0,2382,238,2143,18334.78,18335,587.87,5583.32,5564.29,28.73,,4881.74,4950.87,28.73,243.5,2959.79,2929.55,29.04,298.14,2343.07,2460.14,29.04,27.63,2566.86,2430.15,28.73,18.6,21448.8,21628.75,,3481.73,5991.9,6078,73.7,,,105.7,,,,,6345,,18925,19144,4959,191,4767,,1367,1250,28.73,,1974,2368,28.73,,12011,11666,28.73,,3573,3860,28.73,,1425.28,1589,0.01,0,3531,3720,0.7,,,
2015-01-02T17:00:00Z,2015-01-02T18:00:00+0100,5892,8313,62,0,1498,11429,11054,0,1126.18,657.63,468.55,6099,,0,195,8060.32,8102.38,456,0.07,44,14.12,,,,8009.76,7604,0,183.2,61645,57268,37250,0,0,27926,25010,0.8956,667,475,0.7124,27259,24535,0.9001,11580,10637,0,10188,26,10161,,,,,,,,22678,21164,0,3756,20255,18961,0,10837,449,10388,7132,6506,0,229,5091.42,4975.9,489,0.01,4643,4247.63,1264,1187.83,3379,3059.8,3019.5,2967.6,25.06,0.01,3365.64,790.32,2575.32,2071.92,2008.3,28.48,0,881.99,397.51,484.48,,974.1,,,,32257,328,1864,10843,11216.92,313.12,73818,74100,0,1605,40398,46954,80,2682,3,0.0011,11556,704,0.0609,4040,129,0.032,7517,575,0.0765,1218,,,659,405,41616,,2682,3,12216,1108,4040,129,8176,979,7895.72,7694,0,266,2572,2663,,,5065,4720,,49,3985,4717,948,5204,,,1352,38662,38226,,,,96,3999,4128,,0,25,7258,7277,,0,106,,0,1,,19092,18921,,0,20,,,,,,0,4,,0,74,,,1269,1347,,0,85,2999,2973,,0,667,4045,3580,,0,688,1434,,,,506,482,936,976,42,549.76,,,14341,14522,0,2326,233,2094,18172.61,18172.25,580.65,5509.34,5499.09,28.48,,4825.61,4903.02,28.48,244.4,2956.21,2918.27,28.94,290.74,2331.19,2450.42,28.94,26.91,2550.26,2401.45,28.48,18.6,21109.58,21356.25,,3539.03,6575,6624,2.5,,,234.6,,,,,6334,,18676,18858,4959,191,4767,,1351,1240,28.48,,2020,2301,28.48,,11808,11542,28.48,,3497,3775,28.48,,1434.45,1573,0,0,3480,3670,0.6,,,
2015-01-02T18:00:00Z,2015-01-02T19:00:00+0100,5807,7930,52,0,1615,11057,10606,0,1099.7,638.36,461.34,5905,,0,238,8156.98,8198.31,456,0.07,44,13.53,,,,7856.46,7670,0,191.39,59283,55584,37250,0,0,27926,24783,0.8875,667,502,0.7524,27259,24281,0.8908,10711,10586,0,10625,38,10587,,,,,,,,22137,20679,0,3351,19445,18078,0,10548,463,10084,6990,6241,0,259,4725.76,4705.1,489,0.01,4643,4187.39,1264,1193.25,3379,2994.14,2803.78,2811.2,18.34,0.01,3303.65,796.37,2507.28,1921.98,1893.9,28.38,0,883.74,396.88,486.86,1021.6,929.4,0.1,229.1,,33183,161,1813,10537,11014,325.945,73971,75800,0,1488,40672,45762,56.72,2682,0,0,11556,659,0.057,4040,119,0.0296,7517,539,0.0718,1422,,,659,425,42094,,2682,0,12216,1083,4040,119,8176,964,7790.29,7605,0,217,2553,2648,,,5008,4679,,124,4027,4806,1005,5449,,,1430,38219,37225,,,,80,3959,3989,,0,22,7308,7159,,0,115,,0,3,,18513,18149,,0,19,,,,,,0,5,,0,70,,,1294,1342,,0,74,3058,2990,,0,612,4087,3596,,0,668,1386,,,,483,454,912,948,41,546.73,,,13904,13873,0,2277,228,2049,18061.35,18061.25,575.21,5418.93,5399.49,28.38,,4784.07,4865.82,28.38,244.3,2977.12,2926.12,28.89,277.52,2352.32,2481.32,28.89,34.79,2528.91,2388.5,28.38,18.6,20924.3,21079.25,,3537.63,7221.5,6812,0,,,273.7,,,,,6341,,18235,18322,4959,191,4767,,1296,1235,28.38,,1987,2234,28.38,,11545,11198,28.38,,3407,3655,28.38,,1438.18,1560,0,0,3401,3640,0.6,,,
2015-01-02T19:00:00Z,2015-01-02T20:00:00+0100,5313,7502,41,0,1702,10516,10032,0,1065.59,638.53,427.06,5662,,0,238,7919.33,7958.61,456,0.07,44,8.98,,,,7645.98,7529,0,214.59,55622,51784,37250,0,0,27926,24279,0.8694,667,512,0.7669,27259,23767,0.8719,10130,9914,0,10638,48,10590,,,,,,,,20754,19356,0,3197,18085,16646,0,10197,464,9733,6653,5868,0,247,4319.18,4342.1,489,0.01,4643,4050,1264,1139.45,3379,2910.55,2542.67,2563.6,14.26,0.01,3164.64,740.94,2423.7,1776.51,1778.5,15,0,885.36,398.51,486.85,977.5,894.2,0.1,229.4,33955,34839,124,1731,10231,10543.99,338.77,70938,73100,0,1367,39704,43550,37.13,2682,0,0,11556,660,0.0572,4040,115,0.0285,7517,545,0.0726,1397,,,659,456,41100,,2682,0,12216,1116,4040,115,8176,1001,7495.98,7346,0,163,2464,2572,,,4848,4561,,172,3845,4659,1155,5242,,,1611,35572,34912,,,,72,3582,3653,,0,24,6888,6675,,0,105,,0,2,,17049,16824,,0,18,,,,,,0,5,,0,77,,,1258,1292,,0,101,2979,2907,,0,555,3816,3561,,0,664,1323,,,,452,412,869,900,41,537.4,,,13403,13155,0,2164,216,1947,17734.67,17734.76,569.97,5242.88,5230.24,27.85,,4659.28,4735.75,27.85,244.5,2976.98,2920.46,28.96,266.97,2351.32,2484.11,28.96,39.9,2504.21,2364.2,27.85,18.6,20286.18,20360.25,,3557.1,7404.6,6484,0,,,276.6,,,,,6240,,17692,17641,4959,191,4767,,1296,1227,27.85,,1915,2163,27.85,,11223,10772,27.85,,3258,3479,27.85,,1391.06,1498,0,0,3335,3440,0.6,,,
2015-01-02T20:00:00Z,2015-01-02T21:00:00+0100,5379,7056,30,0,1637,9993,9578,0,1025.76,618.34,407.42,5575,,0,204,7545.05,7582.66,456,0.07,44,6.34,,,,7280.81,7300,0,224.64,53186,47798,37250,0,0,27926,24366,0.8725,667,477,0.7144,27259,23890,0.8764,9490,7716,0,10575,35,10540,,,,,,,,20023,18640,0,3250,17165,15703,0,10310,442,9869,6509,5738,0,232,4131.82,4083,489,0,4643,4176.21,1264,1187.64,3379,2988.57,2444.23,2396.1,12.22,0,3291.05,788.47,2502.58,1687.59,1686.9,12.22,0,885.16,399.17,485.99,922.1,834.2,0.1,216,33851,34392,86,1816,10306,10690.22,354.75,67746,69600,0,1192,37402,40991,44.52,2682,0,0,11556,698,0.0604,4040,114,0.0282,7517,584,0.0776,1311,,,659,466,38712,,2682,0,12216,1164,4040,114,8176,1050,7027.67,6865,0,149,2489,2563,,,4682,4412,,199,3609,4426,1076,4920,,,1542,32695,32108,,,,64,3280,3469,,0,24,6320,6153,,0,113,,0,2,,15692,15405,,1,18,,,,,,0,2,,0,67,,,1168,1189,,0,133,2783,2703,,0,479,3452,3189,,0,728,1221,,,,418,377,804,836,42,524.35,,,12632,12330,0,2151,215,1936,17169.11,17168.75,493.66,5064.05,5041.09,27.45,,4532.78,4626.3,27.45,243.8,2824.06,2794.08,28.88,196.02,2310.42,2409.73,28.88,35.24,2437.8,2297.55,27.45,18.6,19113.53,19090,,3540.35,7318.9,5931,0,,,235,,,,,6120,,17065,16824,4959,191,4767,,1293,1212,27.45,,1784,2083,27.45,,10857,10248,27.45,,3131,3281,27.45,,1409.64,1383,0,0,3207,3390,0.6,,,
2015-01-02T21:00:00Z,2015-01-02T22:00:00+0100,5325,7047,28,0,1512,10362,9814,0,920.34,580.21,340.13,5356,,0,304,7371.79,7406.35,456,0.07,44,4.95,,,,6916.77,6883,0,224.67,50691,45972,37250,0,0,27926,24546,0.8789,667,502,0.7533,27259,24043,0.882,8293,6362,0,10475,48,10427,,,,,,,,18877,17940,0,3099,17118,15968,0,10742,455,10288,6403,5702,0,230,3823.52,3836.7,489,0,4643,4149.19,1264,1186.53,3379,2962.66,2251.22,2258.3,8,0,3251.32,787.42,2463.9,1572.3,1578.4,10.4,0,897.87,399.11,498.76,866.3,769.3,0.1,209.6,32324,32614,62,1960,10105,10346.54,364.23,68455,68450,0,1088,34460,37734,37.09,2682,0,0,11556,691,0.0598,4040,104,0.0257,7517,587,0.0781,1222,,,659,438,35682,,2682,0,12216,1129,4040,104,8176,1026,6636.47,6573,0,145,2364,2437,,,4456,4207,,170,3421,4235,1035,4643,,,1474,29068,28801,,,,51,2923,3111,,0,24,5722,5591,,0,121,,0,0,,13782,13725,,1,18,,,,,,0,3,,0,73,,,1077,1109,,0,201,2525,2436,,0,422,3039,2829,,0,775,1129,,,,482,421,736,769,40,502.57,,,11720,11455,0,2054,205,1849,16700.87,16701.01,457.35,4874.8,4857.6,27.2,,4450.66,4528.78,27.2,244.1,2664.1,2687.38,28.82,138.1,2316.05,2353.25,28.82,56.55,2395.26,2274,27.2,18.6,17908.1,17590,,3512.73,7065.4,5560,0,,,275.2,,,,,6092,,16371,15929,4959,191,4767,,1221,1184,27.2,,1843,1991,27.2,,10390,9682,27.2,,2917,3072,27.2,,1322.33,1259,0,0,3088,3240,0.6,,,
2015-01-02T22:00:00Z,2015-01-02T23:00:00+0100,5145,6710,21,0,1407,10440,9876,0,780.67,501.86,278.81,4910,,0,318,7378.48,7422.24,456,0.07,44,1.35,,,,6581.37,6630,0,236.21,45323,44474,37250,0,0,27926,24626,0.8818,667,475,0.7129,27259,24150,0.8859,7899,7134,0,10585,26,10559,,,,,,,,15258,16643,0,3013,16127,15355,0,10803,449,10354,6039,5341,0,224,3530.62,3528.9,489,0,4643,3947.79,1264,1102.5,3379,2845.29,2012.53,2041.3,-0.33,0,3127.26,770.15,2357.11,1518.09,1487.6,-0.33,0,820.53,332.35,488.18,812.6,,0.1,208.3,29866,30236,62,1912,9659.9,9490.2,369.54,69539,70350,0,1038,31921,34360,36.86,2682,0,0,11556,696,0.0602,4040,102,0.0253,7517,594,0.079,1132,,,659,404,33054,,2682,0,12216,1100,4040,102,8176,998,6090.96,5611,0,147,2110,2189,,,4242,3990,,150,3168,3948,841,4300,,,1246,25909,25775,,,,81,2667,2721,,0,23,4980,4899,,0,126,,0,0,,12370,12312,,1,20,,,,,,0,2,,0,89,,,973,1019,,0,245,2210,2161,,0,375,2709,2663,,0,871,,,,,463,404,675,697,41,487.09,,,11180,10604,0,1907,191,1717,16164.04,16247.43,499.98,4658.66,4699.57,26.79,,4286.78,4391.51,26.79,243.4,2636.91,2626.24,28.65,191.69,2261.37,2295.66,28.65,46.29,2320.32,2234.45,26.79,18.6,16641.7,16215,,3500.05,6690.5,5502,0,,,273.6,,,,,5979,,15988,15084,4959,191,4767,,1220,1147,25.94,,1791,1885,25.94,,10113,9214,25.94,,2864,2838,25.94,,1242.05,1148,0,0,2967,3150,0.6,,,
2015-01-02T23:00:00Z,2015-01-03T00:00:00+0100,5827,6572,6,0,1373,9880,9416,0,721.45,458.36,263.09,4573,,0,333,7100.36,7149.02,456,0.07,44,2.72,,,,6105.57,6168,0,242.28,40464,42341,37250,0,0,27926,24076,0.8622,667,509,0.7635,27259,23567,0.8646,6041,5988,0,10423,48,10375,,,,,,,,13778,16691,0,2894,15023,13780,0,10553,461,10092,5623,5883,0,205,3391.71,3390.3,489,0,4643,4018.59,1264,1159.02,3379,2859.57,1966.19,1977.8,-0.08,0,3127.86,773.52,2354.34,1425.52,1412.5,-0.08,0,890.73,385.5,505.23,768.4,,0.1,209.5,27243,25995,62,1854,9218,9120.4,383.73,66642,67550,0,1168,29282,31366,35.77,2682,0,0,11556,350,0.0303,4040,50,0.0124,7517,300,0.04,1036,,,659,317,30318,,2682,0,12216,667,4040,50,8176,617,5442.14,5081,0,149,1833,1826,,,3965,3689,,218,3086,3994,709,4122,,,1026,22906,23023,,,,62,2362,2318,,0,21,4336,4328,,0,119,,0,0,,11104,11392,,1,21,,,,,,0,3,,0,119,,,861,870,,0,303,1899,1679,,0,373,2344,2436,,0,879,,,,,439,390,627,651,40,459.24,,,10869,9676,0,1730,173,1557,15758.28,15758.51,478.38,4454.14,4450.38,25.85,,4216.12,4271.45,25.85,246.3,2616.96,2619,28.13,185.81,2186.63,2251.63,28.13,34.07,2284.43,2166.05,25.85,12.2,15491.38,15168,,3493.83,6095.7,5947,0,,,285.2,,,,,5874,,15544,15176,4959,191,4767,,1149,1088,17.57,,1905,1828,17.57,,9788,9706,17.57,,2702,2554,17.57,,1153.29,1009,0,0,2842,2730,0.6,,,
2015-01-03T00:00:00Z,2015-01-03T01:00:00+0100,5779,6347,0,0,1350,9295,9489,0,570.44,379.56,190.88,4388,,0,310,6933.96,6984.47,456,0.07,44,3.16,,,,6001.52,5991,0,237.63,38338,40963,37250,0,0,27926,23277,0.8335,667,509,0.7635,27259,22768,0.8352,5882,6652,0,10382,48,10334,,,,,,,,13048,15915,0,2546,14041,12891,0,10153,461,9692,5367,5506,0,196,3277.54,3248.7,489,0,4643,4018.64,1264,1149.53,3379,2869.11,1924.97,1913.8,-0.07,0,3153.09,788.16,2364.93,1352.57,1334.9,-0.07,0,865.55,361.37,504.18,727.5,,0.1,185.5,24723,23763,62,1982,8972.2,8901.41,384.19,64227,64400,0,1278,26307,30560,35.94,2740,0,0,11560,0,0,4040,0,0,7520,0,0,908,,,659,231,27215,,2740,0,12219,231,4040,0,8179,231,5406.84,5090,0,170,1652,1652,,,3812,3542,,242,2873,3798,553,3781,,,784,20851,20963,,,,36,2171,2109,,0,23,3891,3946,,0,144,,0,0,,10171,10464,,1,21,,,,,,0,3,,0,136,,,796,812,,0,332,1698,1493,,0,347,2124,2139,,0,866,,,,,409,372,600,613,40,417.64,,,10501,8926,0,1583,158,1424,15414.33,15414.01,519.69,4295.83,4289.67,25.54,,4100.28,4164.77,25.54,245.7,2603.66,2605.87,28.03,229.27,2174.37,2234.2,28.03,32.62,2240.19,2119.5,25.54,12.1,14866.75,14349,,3486.9,5449.1,5406,0,,,264.9,,,,,5493,,15274,14866,4959,191,4767,,1110,1076,16.87,,1847,1811,16.87,,9590,9510,16.87,,2727,2469,16.87,,1070.43,959,0,0,2707,2630,0.6,,,
